timestamp,event,choice,x,y,delay_s
2026-07-30T23:15:34.625,idle_drift,,652,1045,
2026-07-30T23:15:44.133,click,rock,870,313,
2026-07-30T23:15:44.133,delay,rock,,,5.222
2026-07-30T23:15:50.290,idle_drift,,853,344,
2026-07-30T23:15:58.847,misclick,rock,867,278,
2026-07-30T23:15:58.847,click,paper,775,471,
2026-07-30T23:15:58.847,delay,paper,,,5.126
2026-07-30T23:16:04.634,click,paper,771,438,
2026-07-30T23:16:04.634,delay,paper,,,5.103
2026-07-30T23:16:10.926,idle_drift,,732,418,
2026-07-30T23:16:11.391,click,paper,740,410,
2026-07-30T23:16:11.391,delay,paper,,,5.634
2026-07-30T23:16:18.169,idle_drift,,701,400,
2026-07-30T23:16:19.638,click,paper,767,444,
2026-07-30T23:16:19.638,delay,paper,,,5.23
2026-07-30T23:16:33.590,misclick,paper,758,469,
2026-07-30T23:16:33.590,click,scissors,956,403,
2026-07-30T23:16:33.590,delay,scissors,,,5.469
2026-07-30T23:16:40.147,click,scissors,986,455,
2026-07-30T23:16:40.147,delay,scissors,,,5.354
2026-07-30T23:16:46.339,idle_drift,,961,476,
2026-07-30T23:16:47.373,click,scissors,994,425,
2026-07-30T23:16:47.373,delay,scissors,,,5.245
2026-07-30T23:16:55.763,click,paper,756,434,
2026-07-30T23:16:55.763,delay,paper,,,5.122
2026-07-30T23:17:01.899,click,paper,762,466,
2026-07-30T23:17:01.899,delay,paper,,,6.541
2026-07-30T23:17:14.489,misclick,scissors,950,426,
2026-07-30T23:17:14.489,click,paper,800,420,
2026-07-30T23:17:14.489,delay,paper,,,5.224
2026-07-30T23:17:20.728,idle_drift,,768,446,
2026-07-30T23:17:23.181,click,rock,860,286,
2026-07-30T23:17:23.181,delay,rock,,,5.202
2026-07-30T23:17:29.114,idle_drift,,875,259,
2026-07-30T23:17:30.364,click,rock,817,279,
2026-07-30T23:17:30.364,delay,rock,,,5.171
2026-07-30T23:17:35.536,session_end,,,,
